{
  "RandomForest": {
    "accuracy": 0.9166666666666666,
    "precision": 0.916766706682673,
    "recall": 0.9166666666666666,
    "f1_score": 0.9166583324999166,
    "roc_auc": 0.9824052083333333
  },
  "XGBoost": {
    "accuracy": 0.9216666666666666,
    "precision": 0.9218963734027291,
    "recall": 0.9216666666666666,
    "f1_score": 0.9216490377001492,
    "roc_auc": 0.9829135416666668
  },
  "LightGBM": {
    "accuracy": 0.9258333333333333,
    "precision": 0.9258349531351239,
    "recall": 0.9258333333333333,
    "f1_score": 0.9258332174477357,
    "roc_auc": 0.9823520833333333
  }
}