{
  "RandomForest": {
    "accuracy": 0.9166666666666666,
    "precision": 0.916766706682673,
    "recall": 0.9166666666666666,
    "f1_score": 0.9166583324999166,
    "roc_auc": 0.9824052083333333
  },
  "XGBoost": {
    "accuracy": 0.9216666666666666,
    "precision": 0.9218963734027291,
    "recall": 0.9216666666666666,
    "f1_score": 0.9216490377001492,
    "roc_auc": 0.9829135416666668
  },
  "LightGBM": {
    "accuracy": 0.9258333333333333,
    "precision": 0.9258349531351239,
    "recall": 0.9258333333333333,
    "f1_score": 0.9258332174477357,
    "roc_auc": 0.9823520833333333
  },
  "CNN": {
    "accuracy": 0.8855555555555555,
    "precision": 0.8856747933133966,
    "recall": 0.8855555555555555,
    "f1_score": 0.8855399762745484,
    "roc_auc": 0.9701296296296296
  },
  "LSTM": {
    "accuracy": 0.89,
    "precision": 0.8900223355668899,
    "recall": 0.89,
    "f1_score": 0.8899972499312483,
    "roc_auc": 0.9721851851851854
  },
  "CNN-LSTM": {
    "accuracy": 0.89,
    "precision": 0.8901216588290662,
    "recall": 0.89,
    "f1_score": 0.8899850257396146,
    "roc_auc": 0.9712314814814815
  },
  "CNN-BiLSTM": {
    "accuracy": 0.8944444444444445,
    "precision": 0.8944672245002279,
    "recall": 0.8944444444444445,
    "f1_score": 0.8944418054895816,
    "roc_auc": 0.971737037037037
  },
  "CNN-Attention-LSTM": {
    "accuracy": 0.8888888888888888,
    "precision": 0.890320271962784,
    "recall": 0.8888888888888888,
    "f1_score": 0.8887108262108262,
    "roc_auc": 0.9717
  },
  "Transformer": {
    "accuracy": 0.8811111111111111,
    "precision": 0.8840702149629212,
    "recall": 0.8811111111111111,
    "f1_score": 0.8807051773395583,
    "roc_auc": 0.9729055555555556
  }
}