{
  "feature_min": [
    -0.46456238627433777,
    -0.47335243225097656,
    -0.9920839667320251,
    -2.044423818588257,
    -1.0179749727249146,
    -1.0207105875015259,
    -0.3738292455673218,
    -0.4217250645160675,
    -1.126354455947876,
    -0.5765336751937866,
    -0.4849717915058136,
    -1.8373589515686035,
    -14.210278511047363,
    -1.1481283903121948,
    -0.5619367957115173
  ],
  "feature_max": [
    14.815591812133789,
    7.41087532043457,
    3.728625535964966,
    2.4059112071990967,
    8.09775161743164,
    7.4698076248168945,
    22.720203399658203,
    10.619444847106934,
    7.644941329956055,
    5.103402614593506,
    6.727567672729492,
    7.809962749481201,
    16.416654586791992,
    0.8709826469421387,
    1.7795594930648804
  ],
  "feature_mean": [
    2.447765155011439e-07,
    4.119888785680814e-08,
    3.9149705699514925e-09,
    -6.224689741429756e-08,
    -3.7194205049218e-08,
    2.1660943261281318e-08,
    -3.505562347072555e-07,
    -1.2601906291820342e-06,
    2.1885224299467154e-08,
    -7.075791330635184e-08,
    -4.494976479918478e-08,
    -6.253732198757689e-09,
    1.1611072991968285e-08,
    -3.270420393164386e-06,
    -7.3280070900239025e-09
  ],
  "feature_std": [
    1.000016450881958,
    0.9999709129333496,
    0.9999994039535522,
    0.9999920129776001,
    0.9999999403953552,
    0.9999733567237854,
    1.000019907951355,
    1.000069260597229,
    0.9999883770942688,
    1.0000169277191162,
    0.9999851584434509,
    0.9999821782112122,
    0.9999253749847412,
    0.9998706579208374,
    0.9995406866073608
  ]
}