{
  "CNN": {
    "accuracy": 0.8585185185185186,
    "precision": 0.8556485756832919,
    "recall": 0.8585185185185186,
    "f1_score": 0.8566837558661251,
    "roc_auc": 0.964073544973545
  },
  "LSTM": {
    "accuracy": 0.8577777777777778,
    "precision": 0.8562442635581013,
    "recall": 0.8577777777777778,
    "f1_score": 0.8566040992808782,
    "roc_auc": 0.9655253968253968
  },
  "CNN-LSTM": {
    "accuracy": 0.8525925925925926,
    "precision": 0.849439529062129,
    "recall": 0.8525925925925926,
    "f1_score": 0.8506948878592265,
    "roc_auc": 0.9640400352733687
  },
  "CNN-BiLSTM": {
    "accuracy": 0.8488888888888889,
    "precision": 0.848184802702875,
    "recall": 0.8488888888888889,
    "f1_score": 0.8483665411681723,
    "roc_auc": 0.9640331569664903
  },
  "CNN-Attention-LSTM": {
    "accuracy": 0.8503703703703703,
    "precision": 0.8467454276394853,
    "recall": 0.8503703703703703,
    "f1_score": 0.8483112432434328,
    "roc_auc": 0.9641382716049383
  }
}