{
  "RandomForest": {
    "accuracy": 0.8827777777777778,
    "precision": 0.8798232913835987,
    "recall": 0.8827777777777778,
    "f1_score": 0.8808520939239894,
    "roc_auc": 0.9768370039682539
  },
  "XGBoost": {
    "accuracy": 0.8938888888888888,
    "precision": 0.8935683947229723,
    "recall": 0.8938888888888888,
    "f1_score": 0.893687540463854,
    "roc_auc": 0.9809167162698413
  },
  "LightGBM": {
    "accuracy": 0.8927777777777778,
    "precision": 0.8924665655249718,
    "recall": 0.8927777777777778,
    "f1_score": 0.8925316276723615,
    "roc_auc": 0.9802577380952381
  }
}