{
  "CNN_improved": {
    "accuracy": 0.8422222222222222,
    "precision": 0.8392434321933381,
    "recall": 0.8422222222222222,
    "f1_score": 0.8393260592024568,
    "roc_auc": 0.9577978835978835
  },
  "LSTM_improved": {
    "accuracy": 0.8474074074074074,
    "precision": 0.845018514085919,
    "recall": 0.8474074074074074,
    "f1_score": 0.8459478098185375,
    "roc_auc": 0.9600252204585539
  },
  "CNN_LSTM_improved": {
    "accuracy": 0.8407407407407408,
    "precision": 0.8338272706185489,
    "recall": 0.8407407407407408,
    "f1_score": 0.836301196507338,
    "roc_auc": 0.9613754850088184
  },
  "CNN_BiLSTM_improved": {
    "accuracy": 0.8414814814814815,
    "precision": 0.8401734991349809,
    "recall": 0.8414814814814815,
    "f1_score": 0.8402518942309855,
    "roc_auc": 0.9594504409171075
  },
  "CNN_Attention_LSTM_improved": {
    "accuracy": 0.845925925925926,
    "precision": 0.8423238483422452,
    "recall": 0.845925925925926,
    "f1_score": 0.8432222953398222,
    "roc_auc": 0.9625037037037038
  },
  "Transformer_improved": {
    "accuracy": 0.857037037037037,
    "precision": 0.8572603235659755,
    "recall": 0.857037037037037,
    "f1_score": 0.8571365269024888,
    "roc_auc": 0.9667721340388008
  }
}