{
  "RandomForest": {
    "accuracy": 0.9133333333333333,
    "precision": 0.9133580024669133,
    "recall": 0.9133333333333333,
    "f1_score": 0.9133311666124987,
    "roc_auc": 0.9825656250000001
  },
  "XGBoost": {
    "accuracy": 0.9225,
    "precision": 0.9225783729600524,
    "recall": 0.9225,
    "f1_score": 0.9224940659519244,
    "roc_auc": 0.9831645833333335
  },
  "LightGBM": {
    "accuracy": 0.9208333333333333,
    "precision": 0.9209111957203558,
    "recall": 0.9208333333333333,
    "f1_score": 0.9208272716713206,
    "roc_auc": 0.9826458333333334
  }
}