{
  "RandomForest": {
    "accuracy": 0.9133333333333333,
    "precision": 0.9133580024669133,
    "recall": 0.9133333333333333,
    "f1_score": 0.9133311666124987,
    "roc_auc": 0.9825656250000001
  },
  "XGBoost": {
    "accuracy": 0.9225,
    "precision": 0.9225783729600524,
    "recall": 0.9225,
    "f1_score": 0.9224940659519244,
    "roc_auc": 0.9831645833333335
  },
  "LightGBM": {
    "accuracy": 0.9208333333333333,
    "precision": 0.9209111957203558,
    "recall": 0.9208333333333333,
    "f1_score": 0.9208272716713206,
    "roc_auc": 0.9826458333333334
  },
  "CNN": {
    "accuracy": 0.8855555555555555,
    "precision": 0.8856747933133966,
    "recall": 0.8855555555555555,
    "f1_score": 0.8855399762745484,
    "roc_auc": 0.9701296296296296
  },
  "LSTM": {
    "accuracy": 0.89,
    "precision": 0.8900223355668899,
    "recall": 0.89,
    "f1_score": 0.8899972499312483,
    "roc_auc": 0.9721851851851854
  },
  "CNN-LSTM": {
    "accuracy": 0.89,
    "precision": 0.8901216588290662,
    "recall": 0.89,
    "f1_score": 0.8899850257396146,
    "roc_auc": 0.9712314814814815
  },
  "CNN-BiLSTM": {
    "accuracy": 0.8944444444444445,
    "precision": 0.8944672245002279,
    "recall": 0.8944444444444445,
    "f1_score": 0.8944418054895816,
    "roc_auc": 0.971737037037037
  },
  "CNN-Attention-LSTM": {
    "accuracy": 0.8888888888888888,
    "precision": 0.890320271962784,
    "recall": 0.8888888888888888,
    "f1_score": 0.8887108262108262,
    "roc_auc": 0.9717
  }
}