{
  "RandomForest": {
    "human": {
      "precision": 1.0,
      "recall": 1.0,
      "f1-score": 1.0,
      "support": 400.0
    },
    "moderate_bot": {
      "precision": 0.8663366336633663,
      "recall": 0.875,
      "f1-score": 0.8706467661691543,
      "support": 400.0
    },
    "advanced_bot": {
      "precision": 0.8737373737373737,
      "recall": 0.865,
      "f1-score": 0.8693467336683417,
      "support": 400.0
    },
    "accuracy": 0.9133333333333333,
    "macro avg": {
      "precision": 0.9133580024669133,
      "recall": 0.9133333333333334,
      "f1-score": 0.9133311666124987,
      "support": 1200.0
    },
    "weighted avg": {
      "precision": 0.9133580024669133,
      "recall": 0.9133333333333333,
      "f1-score": 0.9133311666124987,
      "support": 1200.0
    }
  },
  "XGBoost": {
    "human": {
      "precision": 1.0,
      "recall": 1.0,
      "f1-score": 1.0,
      "support": 400.0
    },
    "moderate_bot": {
      "precision": 0.8771498771498771,
      "recall": 0.8925,
      "f1-score": 0.8847583643122676,
      "support": 400.0
    },
    "advanced_bot": {
      "precision": 0.8905852417302799,
      "recall": 0.875,
      "f1-score": 0.8827238335435057,
      "support": 400.0
    },
    "accuracy": 0.9225,
    "macro avg": {
      "precision": 0.9225783729600523,
      "recall": 0.9225,
      "f1-score": 0.9224940659519244,
      "support": 1200.0
    },
    "weighted avg": {
      "precision": 0.9225783729600524,
      "recall": 0.9225,
      "f1-score": 0.9224940659519244,
      "support": 1200.0
    }
  },
  "LightGBM": {
    "human": {
      "precision": 1.0,
      "recall": 1.0,
      "f1-score": 1.0,
      "support": 400.0
    },
    "moderate_bot": {
      "precision": 0.8880407124681934,
      "recall": 0.8725,
      "f1-score": 0.880201765447667,
      "support": 400.0
    },
    "advanced_bot": {
      "precision": 0.8746928746928747,
      "recall": 0.89,
      "f1-score": 0.8822800495662949,
      "support": 400.0
    },
    "accuracy": 0.9208333333333333,
    "macro avg": {
      "precision": 0.9209111957203561,
      "recall": 0.9208333333333334,
      "f1-score": 0.9208272716713206,
      "support": 1200.0
    },
    "weighted avg": {
      "precision": 0.9209111957203558,
      "recall": 0.9208333333333333,
      "f1-score": 0.9208272716713206,
      "support": 1200.0
    }
  },
  "CNN": {
    "human": {
      "precision": 1.0,
      "recall": 1.0,
      "f1-score": 1.0,
      "support": 300.0
    },
    "moderate_bot": {
      "precision": 0.8208469055374593,
      "recall": 0.84,
      "f1-score": 0.8303130148270181,
      "support": 300.0
    },
    "advanced_bot": {
      "precision": 0.8361774744027304,
      "recall": 0.8166666666666667,
      "f1-score": 0.8263069139966274,
      "support": 300.0
    },
    "accuracy": 0.8855555555555555,
    "macro avg": {
      "precision": 0.8856747933133965,
      "recall": 0.8855555555555554,
      "f1-score": 0.8855399762745485,
      "support": 900.0
    },
    "weighted avg": {
      "precision": 0.8856747933133966,
      "recall": 0.8855555555555555,
      "f1-score": 0.8855399762745484,
      "support": 900.0
    }
  },
  "LSTM": {
    "human": {
      "precision": 1.0,
      "recall": 1.0,
      "f1-score": 1.0,
      "support": 300.0
    },
    "moderate_bot": {
      "precision": 0.8383838383838383,
      "recall": 0.83,
      "f1-score": 0.8341708542713567,
      "support": 300.0
    },
    "advanced_bot": {
      "precision": 0.8316831683168316,
      "recall": 0.84,
      "f1-score": 0.835820895522388,
      "support": 300.0
    },
    "accuracy": 0.89,
    "macro avg": {
      "precision": 0.8900223355668899,
      "recall": 0.89,
      "f1-score": 0.8899972499312483,
      "support": 900.0
    },
    "weighted avg": {
      "precision": 0.8900223355668899,
      "recall": 0.89,
      "f1-score": 0.8899972499312483,
      "support": 900.0
    }
  },
  "CNN-LSTM": {
    "human": {
      "precision": 1.0,
      "recall": 1.0,
      "f1-score": 1.0,
      "support": 300.0
    },
    "moderate_bot": {
      "precision": 0.8273615635179153,
      "recall": 0.8466666666666667,
      "f1-score": 0.8369028006589786,
      "support": 300.0
    },
    "advanced_bot": {
      "precision": 0.8430034129692833,
      "recall": 0.8233333333333334,
      "f1-score": 0.8330522765598651,
      "support": 300.0
    },
    "accuracy": 0.89,
    "macro avg": {
      "precision": 0.8901216588290661,
      "recall": 0.89,
      "f1-score": 0.8899850257396146,
      "support": 900.0
    },
    "weighted avg": {
      "precision": 0.8901216588290662,
      "recall": 0.89,
      "f1-score": 0.8899850257396146,
      "support": 900.0
    }
  },
  "CNN-BiLSTM": {
    "human": {
      "precision": 1.0,
      "recall": 1.0,
      "f1-score": 1.0,
      "support": 300.0
    },
    "moderate_bot": {
      "precision": 0.8382838283828383,
      "recall": 0.8466666666666667,
      "f1-score": 0.8424543946932007,
      "support": 300.0
    },
    "advanced_bot": {
      "precision": 0.8451178451178452,
      "recall": 0.8366666666666667,
      "f1-score": 0.8408710217755444,
      "support": 300.0
    },
    "accuracy": 0.8944444444444445,
    "macro avg": {
      "precision": 0.8944672245002279,
      "recall": 0.8944444444444445,
      "f1-score": 0.8944418054895817,
      "support": 900.0
    },
    "weighted avg": {
      "precision": 0.8944672245002279,
      "recall": 0.8944444444444445,
      "f1-score": 0.8944418054895816,
      "support": 900.0
    }
  },
  "CNN-Attention-LSTM": {
    "human": {
      "precision": 1.0,
      "recall": 1.0,
      "f1-score": 1.0,
      "support": 300.0
    },
    "moderate_bot": {
      "precision": 0.8623188405797102,
      "recall": 0.7933333333333333,
      "f1-score": 0.8263888888888888,
      "support": 300.0
    },
    "advanced_bot": {
      "precision": 0.808641975308642,
      "recall": 0.8733333333333333,
      "f1-score": 0.8397435897435898,
      "support": 300.0
    },
    "accuracy": 0.8888888888888888,
    "macro avg": {
      "precision": 0.8903202719627842,
      "recall": 0.888888888888889,
      "f1-score": 0.8887108262108262,
      "support": 900.0
    },
    "weighted avg": {
      "precision": 0.890320271962784,
      "recall": 0.8888888888888888,
      "f1-score": 0.8887108262108262,
      "support": 900.0
    }
  }
}