{
  "CNN": {
    "accuracy": 0.8855555555555555,
    "precision": 0.8856747933133966,
    "recall": 0.8855555555555555,
    "f1_score": 0.8855399762745484,
    "roc_auc": 0.9701296296296296
  },
  "LSTM": {
    "accuracy": 0.89,
    "precision": 0.8900223355668899,
    "recall": 0.89,
    "f1_score": 0.8899972499312483,
    "roc_auc": 0.9721851851851854
  },
  "CNN-LSTM": {
    "accuracy": 0.89,
    "precision": 0.8901216588290662,
    "recall": 0.89,
    "f1_score": 0.8899850257396146,
    "roc_auc": 0.9712314814814815
  },
  "CNN-BiLSTM": {
    "accuracy": 0.8944444444444445,
    "precision": 0.8944672245002279,
    "recall": 0.8944444444444445,
    "f1_score": 0.8944418054895816,
    "roc_auc": 0.971737037037037
  },
  "CNN-Attention-LSTM": {
    "accuracy": 0.8888888888888888,
    "precision": 0.890320271962784,
    "recall": 0.8888888888888888,
    "f1_score": 0.8887108262108262,
    "roc_auc": 0.9717
  }
}