{
  "CNN": {
    "accuracy": [
      0.8080495595932007,
      0.8604429364204407,
      0.8663967847824097,
      0.8687782883644104,
      0.8721123933792114,
      0.8761609792709351,
      0.8775898814201355,
      0.8837818503379822,
      0.8837818503379822,
      0.8899738192558289,
      0.8933079242706299,
      0.89378422498703,
      0.8966420292854309,
      0.897594690322876,
      0.8990235924720764,
      0.9033102989196777,
      0.9071207642555237,
      0.9078351855278015,
      0.9123600721359253
    ],
    "loss": [
      0.4172707498073578,
      0.3103325366973877,
      0.29632410407066345,
      0.29411834478378296,
      0.2896001935005188,
      0.2757764756679535,
      0.2742857336997986,
      0.26627251505851746,
      0.2634471654891968,
      0.25004303455352783,
      0.2469862997531891,
      0.2419958859682083,
      0.2348254770040512,
      0.23488527536392212,
      0.23245923221111298,
      0.2240358144044876,
      0.21736939251422882,
      0.2113172709941864,
      0.20605413615703583
    ],
    "val_accuracy": [
      0.849056601524353,
      0.8546059727668762,
      0.8546059727668762,
      0.8568257689476013,
      0.8590455055236816,
      0.8645948767662048,
      0.8623751401901245,
      0.8601554036140442,
      0.8679245114326477,
      0.8690344095230103,
      0.8734739422798157,
      0.8723640441894531,
      0.8790233135223389,
      0.8790233135223389,
      0.8723640441894531,
      0.8701443076133728,
      0.8712541460990906,
      0.8801332116127014,
      0.8701443076133728
    ],
    "val_loss": [
      0.3150804340839386,
      0.29843732714653015,
      0.2973308265209198,
      0.297877699136734,
      0.2999746799468994,
      0.29585933685302734,
      0.29749900102615356,
      0.30021342635154724,
      0.29850295186042786,
      0.29128944873809814,
      0.2918885052204132,
      0.29151612520217896,
      0.2911754548549652,
      0.2924286723136902,
      0.29748526215553284,
      0.2997128665447235,
      0.2972554564476013,
      0.29772475361824036,
      0.30063313245773315
    ],
    "learning_rate": [
      0.0010000000474974513,
      0.0010000000474974513,
      0.0010000000474974513,
      0.0010000000474974513,
      0.0010000000474974513,
      0.0010000000474974513,
      0.0010000000474974513,
      0.0010000000474974513,
      0.0010000000474974513,
      0.0005000000237487257,
      0.0005000000237487257,
      0.0005000000237487257,
      0.0005000000237487257,
      0.0005000000237487257,
      0.0005000000237487257,
      0.0005000000237487257,
      0.0002500000118743628,
      0.0002500000118743628,
      0.0002500000118743628
    ]
  },
  "LSTM": {
    "accuracy": [
      0.7778042554855347,
      0.8604429364204407,
      0.8675875067710876,
      0.8654441237449646,
      0.8737794756889343,
      0.8702071905136108,
      0.8730649948120117,
      0.8785424828529358,
      0.877828061580658,
      0.8756846785545349,
      0.877828061580658,
      0.8792569637298584,
      0.8804477453231812,
      0.881162166595459,
      0.8866396546363831,
      0.8890212178230286,
      0.888306736946106
    ],
    "loss": [
      0.5264887809753418,
      0.3210470974445343,
      0.3049999475479126,
      0.31082645058631897,
      0.2951996624469757,
      0.2921956181526184,
      0.285470187664032,
      0.281904011964798,
      0.27605727314949036,
      0.2717747092247009,
      0.27134886384010315,
      0.26905643939971924,
      0.2686973214149475,
      0.26458919048309326,
      0.2633911967277527,
      0.25856438279151917,
      0.2590239644050598
    ],
    "val_accuracy": [
      0.8468368649482727,
      0.8557158708572388,
      0.8634850382804871,
      0.8634850382804871,
      0.8712541460990906,
      0.8668146729469299,
      0.8701443076133728,
      0.8668146729469299,
      0.8657047748565674,
      0.8723640441894531,
      0.8768035769462585,
      0.8701443076133728,
      0.8723640441894531,
      0.8690344095230103,
      0.8723640441894531,
      0.8690344095230103,
      0.8701443076133728
    ],
    "val_loss": [
      0.327375203371048,
      0.30467310547828674,
      0.2962818443775177,
      0.2988925874233246,
      0.2898256182670593,
      0.28908705711364746,
      0.2913489043712616,
      0.2956920564174652,
      0.2963724136352539,
      0.28302690386772156,
      0.2816143333911896,
      0.283583402633667,
      0.28375211358070374,
      0.28571173548698425,
      0.2882562279701233,
      0.28675663471221924,
      0.286086767911911
    ],
    "learning_rate": [
      0.0010000000474974513,
      0.0010000000474974513,
      0.0010000000474974513,
      0.0010000000474974513,
      0.0010000000474974513,
      0.0010000000474974513,
      0.0010000000474974513,
      0.0010000000474974513,
      0.0010000000474974513,
      0.0005000000237487257,
      0.0005000000237487257,
      0.0005000000237487257,
      0.0005000000237487257,
      0.0005000000237487257,
      0.0002500000118743628,
      0.0002500000118743628,
      0.0002500000118743628
    ]
  },
  "CNN-LSTM": {
    "accuracy": [
      0.8037627935409546,
      0.8630626201629639,
      0.8702071905136108,
      0.8713979721069336,
      0.8775898814201355,
      0.8759228587150574,
      0.8790188431739807,
      0.883305549621582,
      0.8802095651626587,
      0.8818766474723816,
      0.8854489326477051,
      0.8861633539199829,
      0.8868778347969055,
      0.8871159553527832,
      0.8868778347969055,
      0.8861633539199829,
      0.8873541355133057,
      0.8897356390953064,
      0.8930698037147522,
      0.8887830376625061,
      0.8911645412445068,
      0.8902119398117065,
      0.8949750065803528,
      0.8968802094459534
    ],
    "loss": [
      0.4573236107826233,
      0.3161700963973999,
      0.29576462507247925,
      0.28767129778862,
      0.2836546003818512,
      0.28325986862182617,
      0.27483686804771423,
      0.26558437943458557,
      0.2696153521537781,
      0.26276734471321106,
      0.2609478831291199,
      0.2551230192184448,
      0.256902813911438,
      0.2527909576892853,
      0.25062575936317444,
      0.2506697177886963,
      0.2502438724040985,
      0.24924740195274353,
      0.24433600902557373,
      0.24383509159088135,
      0.24133624136447906,
      0.243402898311615,
      0.23882494866847992,
      0.23482736945152283
    ],
    "val_accuracy": [
      0.8579356074333191,
      0.8534961342811584,
      0.849056601524353,
      0.8557158708572388,
      0.8623751401901245,
      0.8590455055236816,
      0.8634850382804871,
      0.8668146729469299,
      0.8690344095230103,
      0.8690344095230103,
      0.8679245114326477,
      0.8734739422798157,
      0.875693678855896,
      0.8745837807655334,
      0.8723640441894531,
      0.875693678855896,
      0.8745837807655334,
      0.875693678855896,
      0.8712541460990906,
      0.8690344095230103,
      0.8679245114326477,
      0.8679245114326477,
      0.8723640441894531,
      0.8723640441894531
    ],
    "val_loss": [
      0.3271293044090271,
      0.2996825575828552,
      0.2915165424346924,
      0.2895955443382263,
      0.2925439178943634,
      0.2931813895702362,
      0.29127293825149536,
      0.2837803363800049,
      0.2839933931827545,
      0.28417301177978516,
      0.2842008173465729,
      0.28286856412887573,
      0.2830575108528137,
      0.28259697556495667,
      0.2826833724975586,
      0.28222721815109253,
      0.28240105509757996,
      0.2821788489818573,
      0.2849203944206238,
      0.2898741662502289,
      0.2927859425544739,
      0.2896449863910675,
      0.2858913540840149,
      0.28700125217437744
    ],